County FIPS,Issue,Company,complaint_what_happened
37081,Redlining/Discrimination,Rocket Mortgage,The bank charged an unexpected fee during closing without disclosure.
37183,Redlining/Discrimination,Bank of America,The bank charged an unexpected fee during closing without disclosure.
37081,Closing costs,Wells Fargo,The bank charged an unexpected fee during closing without disclosure.
37183,Trouble payment,Rocket Mortgage,The bank charged an unexpected fee during closing without disclosure.
37183,Loan modification,Bank of America,The bank charged an unexpected fee during closing without disclosure.
37119,Closing costs,Bank of America,The bank charged an unexpected fee during closing without disclosure.
37081,Loan modification,Rocket Mortgage,The bank charged an unexpected fee during closing without disclosure.
37081,Redlining/Discrimination,Rocket Mortgage,The bank charged an unexpected fee during closing without disclosure.
37183,Loan modification,Rocket Mortgage,The bank charged an unexpected fee during closing without disclosure.
37183,Trouble payment,Rocket Mortgage,The bank charged an unexpected fee during closing without disclosure.
37063,Redlining/Discrimination,Rocket Mortgage,The bank charged an unexpected fee during closing without disclosure.
37063,Redlining/Discrimination,Wells Fargo,The bank charged an unexpected fee during closing without disclosure.
37183,Closing costs,Wells Fargo,The bank charged an unexpected fee during closing without disclosure.
37063,Trouble payment,Bank of America,The bank charged an unexpected fee during closing without disclosure.
37063,Redlining/Discrimination,Wells Fargo,The bank charged an unexpected fee during closing without disclosure.
37183,Trouble payment,Wells Fargo,The bank charged an unexpected fee during closing without disclosure.
37183,Loan modification,Wells Fargo,The bank charged an unexpected fee during closing without disclosure.
37081,Trouble payment,Rocket Mortgage,The bank charged an unexpected fee during closing without disclosure.
37183,Redlining/Discrimination,Bank of America,The bank charged an unexpected fee during closing without disclosure.
37183,Closing costs,Bank of America,The bank charged an unexpected fee during closing without disclosure.
37119,Redlining/Discrimination,Bank of America,The bank charged an unexpected fee during closing without disclosure.
37081,Trouble payment,Bank of America,The bank charged an unexpected fee during closing without disclosure.
37081,Trouble payment,Wells Fargo,The bank charged an unexpected fee during closing without disclosure.
37081,Redlining/Discrimination,Wells Fargo,The bank charged an unexpected fee during closing without disclosure.
37119,Trouble payment,Rocket Mortgage,The bank charged an unexpected fee during closing without disclosure.
37183,Loan modification,Bank of America,The bank charged an unexpected fee during closing without disclosure.
37081,Redlining/Discrimination,Wells Fargo,The bank charged an unexpected fee during closing without disclosure.
37081,Closing costs,Wells Fargo,The bank charged an unexpected fee during closing without disclosure.
37063,Redlining/Discrimination,Rocket Mortgage,The bank charged an unexpected fee during closing without disclosure.
37081,Loan modification,Rocket Mortgage,The bank charged an unexpected fee during closing without disclosure.
37183,Loan modification,Rocket Mortgage,The bank charged an unexpected fee during closing without disclosure.
37183,Loan modification,Wells Fargo,The bank charged an unexpected fee during closing without disclosure.
37063,Loan modification,Wells Fargo,The bank charged an unexpected fee during closing without disclosure.
37081,Loan modification,Rocket Mortgage,The bank charged an unexpected fee during closing without disclosure.
37081,Closing costs,Bank of America,The bank charged an unexpected fee during closing without disclosure.
37081,Trouble payment,Rocket Mortgage,The bank charged an unexpected fee during closing without disclosure.
37119,Loan modification,Rocket Mortgage,The bank charged an unexpected fee during closing without disclosure.
37081,Loan modification,Rocket Mortgage,The bank charged an unexpected fee during closing without disclosure.
37183,Redlining/Discrimination,Rocket Mortgage,The bank charged an unexpected fee during closing without disclosure.
37183,Closing costs,Wells Fargo,The bank charged an unexpected fee during closing without disclosure.
37119,Closing costs,Bank of America,The bank charged an unexpected fee during closing without disclosure.
37119,Trouble payment,Rocket Mortgage,The bank charged an unexpected fee during closing without disclosure.
37081,Closing costs,Bank of America,The bank charged an unexpected fee during closing without disclosure.
37063,Redlining/Discrimination,Bank of America,The bank charged an unexpected fee during closing without disclosure.
37119,Redlining/Discrimination,Bank of America,The bank charged an unexpected fee during closing without disclosure.
37119,Trouble payment,Rocket Mortgage,The bank charged an unexpected fee during closing without disclosure.
37081,Redlining/Discrimination,Wells Fargo,The bank charged an unexpected fee during closing without disclosure.
37081,Loan modification,Rocket Mortgage,The bank charged an unexpected fee during closing without disclosure.
37119,Loan modification,Bank of America,The bank charged an unexpected fee during closing without disclosure.
37063,Redlining/Discrimination,Bank of America,The bank charged an unexpected fee during closing without disclosure.
37119,Trouble payment,Wells Fargo,The bank charged an unexpected fee during closing without disclosure.
37081,Closing costs,Rocket Mortgage,The bank charged an unexpected fee during closing without disclosure.
37081,Trouble payment,Bank of America,The bank charged an unexpected fee during closing without disclosure.
37119,Closing costs,Wells Fargo,The bank charged an unexpected fee during closing without disclosure.
37063,Redlining/Discrimination,Bank of America,The bank charged an unexpected fee during closing without disclosure.
37119,Redlining/Discrimination,Wells Fargo,The bank charged an unexpected fee during closing without disclosure.
37119,Loan modification,Wells Fargo,The bank charged an unexpected fee during closing without disclosure.
37081,Closing costs,Rocket Mortgage,The bank charged an unexpected fee during closing without disclosure.
37063,Trouble payment,Bank of America,The bank charged an unexpected fee during closing without disclosure.
37183,Redlining/Discrimination,Rocket Mortgage,The bank charged an unexpected fee during closing without disclosure.
37063,Trouble payment,Bank of America,The bank charged an unexpected fee during closing without disclosure.
37119,Loan modification,Rocket Mortgage,The bank charged an unexpected fee during closing without disclosure.
37119,Closing costs,Bank of America,The bank charged an unexpected fee during closing without disclosure.
37119,Closing costs,Rocket Mortgage,The bank charged an unexpected fee during closing without disclosure.
37063,Redlining/Discrimination,Wells Fargo,The bank charged an unexpected fee during closing without disclosure.
37081,Closing costs,Bank of America,The bank charged an unexpected fee during closing without disclosure.
37119,Redlining/Discrimination,Bank of America,The bank charged an unexpected fee during closing without disclosure.
37119,Loan modification,Wells Fargo,The bank charged an unexpected fee during closing without disclosure.
37063,Closing costs,Rocket Mortgage,The bank charged an unexpected fee during closing without disclosure.
37183,Redlining/Discrimination,Bank of America,The bank charged an unexpected fee during closing without disclosure.
37183,Trouble payment,Bank of America,The bank charged an unexpected fee during closing without disclosure.
37081,Redlining/Discrimination,Rocket Mortgage,The bank charged an unexpected fee during closing without disclosure.
37081,Closing costs,Wells Fargo,The bank charged an unexpected fee during closing without disclosure.
37119,Loan modification,Rocket Mortgage,The bank charged an unexpected fee during closing without disclosure.
37063,Closing costs,Rocket Mortgage,The bank charged an unexpected fee during closing without disclosure.
37119,Closing costs,Rocket Mortgage,The bank charged an unexpected fee during closing without disclosure.
37081,Redlining/Discrimination,Bank of America,The bank charged an unexpected fee during closing without disclosure.
37063,Trouble payment,Wells Fargo,The bank charged an unexpected fee during closing without disclosure.
37063,Closing costs,Wells Fargo,The bank charged an unexpected fee during closing without disclosure.
37081,Trouble payment,Rocket Mortgage,The bank charged an unexpected fee during closing without disclosure.
37183,Redlining/Discrimination,Bank of America,The bank charged an unexpected fee during closing without disclosure.
37183,Trouble payment,Rocket Mortgage,The bank charged an unexpected fee during closing without disclosure.
37063,Redlining/Discrimination,Bank of America,The bank charged an unexpected fee during closing without disclosure.
37119,Loan modification,Bank of America,The bank charged an unexpected fee during closing without disclosure.
37183,Trouble payment,Bank of America,The bank charged an unexpected fee during closing without disclosure.
37119,Trouble payment,Bank of America,The bank charged an unexpected fee during closing without disclosure.
37183,Loan modification,Wells Fargo,The bank charged an unexpected fee during closing without disclosure.
37183,Trouble payment,Bank of America,The bank charged an unexpected fee during closing without disclosure.
37119,Loan modification,Bank of America,The bank charged an unexpected fee during closing without disclosure.
37081,Closing costs,Rocket Mortgage,The bank charged an unexpected fee during closing without disclosure.
37183,Redlining/Discrimination,Rocket Mortgage,The bank charged an unexpected fee during closing without disclosure.
37183,Loan modification,Wells Fargo,The bank charged an unexpected fee during closing without disclosure.
37119,Trouble payment,Rocket Mortgage,The bank charged an unexpected fee during closing without disclosure.
37081,Loan modification,Bank of America,The bank charged an unexpected fee during closing without disclosure.
37183,Trouble payment,Rocket Mortgage,The bank charged an unexpected fee during closing without disclosure.
37183,Closing costs,Wells Fargo,The bank charged an unexpected fee during closing without disclosure.
37081,Loan modification,Rocket Mortgage,The bank charged an unexpected fee during closing without disclosure.
37183,Closing costs,Rocket Mortgage,The bank charged an unexpected fee during closing without disclosure.
37081,Redlining/Discrimination,Wells Fargo,The bank charged an unexpected fee during closing without disclosure.
37081,Trouble payment,Wells Fargo,The bank charged an unexpected fee during closing without disclosure.
37119,Trouble payment,Bank of America,The bank charged an unexpected fee during closing without disclosure.
37063,Closing costs,Rocket Mortgage,The bank charged an unexpected fee during closing without disclosure.
37081,Redlining/Discrimination,Bank of America,The bank charged an unexpected fee during closing without disclosure.
37119,Loan modification,Rocket Mortgage,The bank charged an unexpected fee during closing without disclosure.
37063,Loan modification,Rocket Mortgage,The bank charged an unexpected fee during closing without disclosure.
37183,Trouble payment,Bank of America,The bank charged an unexpected fee during closing without disclosure.
37063,Closing costs,Rocket Mortgage,The bank charged an unexpected fee during closing without disclosure.
37081,Closing costs,Rocket Mortgage,The bank charged an unexpected fee during closing without disclosure.
37081,Loan modification,Rocket Mortgage,The bank charged an unexpected fee during closing without disclosure.
37081,Redlining/Discrimination,Wells Fargo,The bank charged an unexpected fee during closing without disclosure.
37081,Redlining/Discrimination,Bank of America,The bank charged an unexpected fee during closing without disclosure.
37081,Loan modification,Wells Fargo,The bank charged an unexpected fee during closing without disclosure.
37119,Loan modification,Bank of America,The bank charged an unexpected fee during closing without disclosure.
37081,Closing costs,Bank of America,The bank charged an unexpected fee during closing without disclosure.
37119,Redlining/Discrimination,Rocket Mortgage,The bank charged an unexpected fee during closing without disclosure.
37183,Loan modification,Bank of America,The bank charged an unexpected fee during closing without disclosure.
37081,Loan modification,Wells Fargo,The bank charged an unexpected fee during closing without disclosure.
37081,Trouble payment,Wells Fargo,The bank charged an unexpected fee during closing without disclosure.
37063,Loan modification,Wells Fargo,The bank charged an unexpected fee during closing without disclosure.
37183,Loan modification,Bank of America,The bank charged an unexpected fee during closing without disclosure.
37081,Redlining/Discrimination,Wells Fargo,The bank charged an unexpected fee during closing without disclosure.
37081,Closing costs,Bank of America,The bank charged an unexpected fee during closing without disclosure.
37183,Redlining/Discrimination,Wells Fargo,The bank charged an unexpected fee during closing without disclosure.
37119,Closing costs,Wells Fargo,The bank charged an unexpected fee during closing without disclosure.
37081,Trouble payment,Bank of America,The bank charged an unexpected fee during closing without disclosure.
37063,Loan modification,Wells Fargo,The bank charged an unexpected fee during closing without disclosure.
37081,Trouble payment,Rocket Mortgage,The bank charged an unexpected fee during closing without disclosure.
37063,Closing costs,Bank of America,The bank charged an unexpected fee during closing without disclosure.
37063,Redlining/Discrimination,Bank of America,The bank charged an unexpected fee during closing without disclosure.
37081,Redlining/Discrimination,Bank of America,The bank charged an unexpected fee during closing without disclosure.
37081,Trouble payment,Rocket Mortgage,The bank charged an unexpected fee during closing without disclosure.
37063,Closing costs,Bank of America,The bank charged an unexpected fee during closing without disclosure.
37183,Trouble payment,Wells Fargo,The bank charged an unexpected fee during closing without disclosure.
37183,Trouble payment,Wells Fargo,The bank charged an unexpected fee during closing without disclosure.
37081,Loan modification,Wells Fargo,The bank charged an unexpected fee during closing without disclosure.
37119,Trouble payment,Bank of America,The bank charged an unexpected fee during closing without disclosure.
37183,Loan modification,Wells Fargo,The bank charged an unexpected fee during closing without disclosure.
37081,Loan modification,Bank of America,The bank charged an unexpected fee during closing without disclosure.
37183,Redlining/Discrimination,Wells Fargo,The bank charged an unexpected fee during closing without disclosure.
37119,Loan modification,Rocket Mortgage,The bank charged an unexpected fee during closing without disclosure.
37081,Loan modification,Rocket Mortgage,The bank charged an unexpected fee during closing without disclosure.
37119,Redlining/Discrimination,Rocket Mortgage,The bank charged an unexpected fee during closing without disclosure.
37081,Trouble payment,Rocket Mortgage,The bank charged an unexpected fee during closing without disclosure.
37119,Closing costs,Bank of America,The bank charged an unexpected fee during closing without disclosure.
37183,Closing costs,Wells Fargo,The bank charged an unexpected fee during closing without disclosure.
37183,Closing costs,Rocket Mortgage,The bank charged an unexpected fee during closing without disclosure.
37119,Trouble payment,Bank of America,The bank charged an unexpected fee during closing without disclosure.
37119,Loan modification,Rocket Mortgage,The bank charged an unexpected fee during closing without disclosure.
37119,Closing costs,Rocket Mortgage,The bank charged an unexpected fee during closing without disclosure.
37081,Trouble payment,Bank of America,The bank charged an unexpected fee during closing without disclosure.
37183,Loan modification,Bank of America,The bank charged an unexpected fee during closing without disclosure.
37081,Redlining/Discrimination,Wells Fargo,The bank charged an unexpected fee during closing without disclosure.
37183,Closing costs,Wells Fargo,The bank charged an unexpected fee during closing without disclosure.
37063,Loan modification,Rocket Mortgage,The bank charged an unexpected fee during closing without disclosure.
37081,Closing costs,Rocket Mortgage,The bank charged an unexpected fee during closing without disclosure.
37183,Closing costs,Wells Fargo,The bank charged an unexpected fee during closing without disclosure.
37183,Closing costs,Wells Fargo,The bank charged an unexpected fee during closing without disclosure.
37081,Loan modification,Bank of America,The bank charged an unexpected fee during closing without disclosure.
37081,Trouble payment,Wells Fargo,The bank charged an unexpected fee during closing without disclosure.
37183,Loan modification,Wells Fargo,The bank charged an unexpected fee during closing without disclosure.
37081,Closing costs,Rocket Mortgage,The bank charged an unexpected fee during closing without disclosure.
37119,Loan modification,Wells Fargo,The bank charged an unexpected fee during closing without disclosure.
37081,Redlining/Discrimination,Rocket Mortgage,The bank charged an unexpected fee during closing without disclosure.
37081,Trouble payment,Wells Fargo,The bank charged an unexpected fee during closing without disclosure.
37081,Loan modification,Bank of America,The bank charged an unexpected fee during closing without disclosure.
37183,Redlining/Discrimination,Wells Fargo,The bank charged an unexpected fee during closing without disclosure.
37119,Trouble payment,Wells Fargo,The bank charged an unexpected fee during closing without disclosure.
37063,Redlining/Discrimination,Wells Fargo,The bank charged an unexpected fee during closing without disclosure.
37063,Trouble payment,Rocket Mortgage,The bank charged an unexpected fee during closing without disclosure.
37119,Loan modification,Bank of America,The bank charged an unexpected fee during closing without disclosure.
37119,Redlining/Discrimination,Wells Fargo,The bank charged an unexpected fee during closing without disclosure.
37119,Closing costs,Rocket Mortgage,The bank charged an unexpected fee during closing without disclosure.
37183,Redlining/Discrimination,Bank of America,The bank charged an unexpected fee during closing without disclosure.
37063,Trouble payment,Rocket Mortgage,The bank charged an unexpected fee during closing without disclosure.
37119,Loan modification,Rocket Mortgage,The bank charged an unexpected fee during closing without disclosure.
37183,Trouble payment,Bank of America,The bank charged an unexpected fee during closing without disclosure.
37063,Redlining/Discrimination,Wells Fargo,The bank charged an unexpected fee during closing without disclosure.
37081,Redlining/Discrimination,Rocket Mortgage,The bank charged an unexpected fee during closing without disclosure.
37183,Closing costs,Rocket Mortgage,The bank charged an unexpected fee during closing without disclosure.
37063,Loan modification,Wells Fargo,The bank charged an unexpected fee during closing without disclosure.
37183,Loan modification,Wells Fargo,The bank charged an unexpected fee during closing without disclosure.
37063,Redlining/Discrimination,Bank of America,The bank charged an unexpected fee during closing without disclosure.
37063,Loan modification,Bank of America,The bank charged an unexpected fee during closing without disclosure.
37081,Closing costs,Bank of America,The bank charged an unexpected fee during closing without disclosure.
37183,Trouble payment,Wells Fargo,The bank charged an unexpected fee during closing without disclosure.
37119,Loan modification,Rocket Mortgage,The bank charged an unexpected fee during closing without disclosure.
37081,Redlining/Discrimination,Rocket Mortgage,The bank charged an unexpected fee during closing without disclosure.
37081,Trouble payment,Bank of America,The bank charged an unexpected fee during closing without disclosure.
37063,Trouble payment,Wells Fargo,The bank charged an unexpected fee during closing without disclosure.
37119,Closing costs,Rocket Mortgage,The bank charged an unexpected fee during closing without disclosure.
37183,Redlining/Discrimination,Bank of America,The bank charged an unexpected fee during closing without disclosure.
37119,Loan modification,Rocket Mortgage,The bank charged an unexpected fee during closing without disclosure.
37119,Redlining/Discrimination,Rocket Mortgage,The bank charged an unexpected fee during closing without disclosure.
37119,Trouble payment,Wells Fargo,The bank charged an unexpected fee during closing without disclosure.
37119,Redlining/Discrimination,Wells Fargo,The bank charged an unexpected fee during closing without disclosure.
37119,Loan modification,Rocket Mortgage,The bank charged an unexpected fee during closing without disclosure.
37063,Loan modification,Bank of America,The bank charged an unexpected fee during closing without disclosure.
37063,Closing costs,Wells Fargo,The bank charged an unexpected fee during closing without disclosure.
37081,Loan modification,Rocket Mortgage,The bank charged an unexpected fee during closing without disclosure.
37063,Loan modification,Wells Fargo,The bank charged an unexpected fee during closing without disclosure.
