county_code,action_taken,income,loan_amount,tract_minority_population_percent
37119,1,76,673,32.50798547415547
37081,1,41,582,7.278893797391208
37063,1,91,618,49.75160231762072
37119,1,109,254,37.959348764190445
37119,1,112,191,8.464463112150426
37081,1,37,625,45.84535357762913
37063,3,178,554,33.00692463387128
37063,1,110,697,7.0676755655
37119,3,147,744,63.17646361088572
37183,3,54,609,61.94672858536643
37119,1,118,282,35.774144968831855
37119,1,41,485,10.620345242354611
37119,1,172,673,50.277273295915506
37119,1,88,504,34.51586600634374
37081,1,183,345,23.146848697362795
37063,1,138,690,34.485090651713406
37081,1,55,760,36.34664872432787
37081,1,76,749,38.76270194134035
37081,3,61,570,31.47342281931959
37119,1,39,522,41.3453181883434
37183,1,45,164,60.12408263638264
37063,1,174,112,26.73608522591547
37183,1,180,312,48.54298779319694
37081,1,55,341,58.66715340945393
37081,3,115,592,32.358756545596215
37183,1,164,312,31.607350182914246
37183,1,43,792,41.12701912128677
37183,1,108,437,40.484405565349284
37081,1,146,272,53.39536053957662
37081,1,36,771,33.58900302669756
37063,1,166,263,64.76737697836647
37063,3,144,564,8.568294132036847
37081,1,101,596,5.190070914842105
37183,1,88,799,43.41189869357743
37183,1,111,494,22.9060947417126
37063,1,145,407,19.42294332196903
37081,3,196,282,23.713944800256826
37063,1,175,728,20.362853906297257
37063,1,132,609,6.847402979626871
37119,1,46,645,63.291982543435324
37119,1,43,663,18.244729307166907
37119,1,188,723,49.041785755358376
37183,1,181,693,50.75578368165052
37081,1,137,326,60.75544388043376
37081,1,74,535,6.832967425602798
37081,1,127,521,57.32290030682046
37081,1,160,653,36.63357085038801
37119,1,66,120,42.95264659794967
37183,1,197,653,43.66821662726202
37183,1,137,496,54.187868299083654
37119,1,68,724,25.00443932954663
37183,1,44,204,48.9830713915996
37119,1,149,291,36.714686583331826
37081,1,33,116,52.603640858320865
37119,1,122,219,64.432761966208
37081,1,182,492,17.039061044225676
37081,3,170,524,64.67891849359987
37063,1,190,228,10.38872925696644
37119,1,45,229,5.139052874288832
37063,3,199,671,7.649716170669876
37119,1,137,659,25.5069442842057
37119,1,155,128,42.97437984070605
37063,1,84,196,9.141772453270978
37063,1,199,109,5.339948871774036
37119,1,63,341,61.225461707527685
37183,1,187,331,54.31559815639578
37081,1,42,383,53.55099026834186
37063,1,170,299,58.065456530118624
37081,1,47,178,47.002056366326265
37183,1,189,272,11.264247784884887
37183,1,125,566,28.946011284423385
37183,1,152,680,48.38896918787777
37063,1,68,515,21.820067647491253
37183,1,75,548,46.24438184817426
37063,1,58,186,6.4699068960591415
37183,1,91,200,23.36824045277559
37081,1,45,107,37.94782017663036
37081,1,150,299,42.92538977037454
37119,1,39,604,39.62243986771465
37081,1,187,186,46.86537656440577
37119,1,182,142,5.365324894390344
37081,1,132,484,11.05647199865129
37063,1,113,720,57.1366551367487
37081,3,162,534,45.90491864540967
37119,1,94,507,11.775898561160679
37119,1,32,582,55.52446624391475
37183,1,171,763,19.533873069474016
37063,3,149,116,33.69559305171341
37081,3,187,744,13.711790773079617
37183,1,97,247,47.6066033853024
37081,3,175,376,45.01126526085607
37081,1,66,331,17.66674826996817
37183,3,182,465,56.80404601142011
37183,1,102,327,29.07836145318273
37183,1,172,750,22.550905464244508
37183,1,78,535,14.139775367872128
37183,1,150,498,20.970080750932247
37081,1,117,310,6.321615273429019
37183,1,169,490,39.99544954736693
37063,1,66,598,55.533844780636876
37119,1,90,639,37.93882696649851
37183,1,153,662,18.156437715432542
37183,3,68,590,7.020150692832363
37081,1,92,541,17.87768439552817
37183,1,75,360,29.96728568426554
37183,3,117,449,50.576685721987786
37183,1,40,451,16.270571152266445
37081,1,91,619,48.187487201281165
37183,1,106,419,57.01600810111302
37119,1,182,237,32.236810886501424
37081,1,81,649,54.2859194985556
37119,1,33,722,38.27944088210573
37081,3,88,467,43.2254502248543
37183,1,101,319,36.57670762029216
37119,1,177,436,32.79036300508051
37081,1,122,322,19.07920650655096
37063,1,92,747,23.191643567662762
37183,1,83,459,22.39820713661654
37081,1,146,428,38.79733585722888
37063,1,139,562,12.197221581433395
37081,1,103,660,60.00750144214011
37063,1,136,481,48.2393087169868
37183,1,86,689,29.086737854791618
37119,1,198,716,14.517448671582677
37063,1,32,268,57.91953018329815
37081,3,149,316,54.426685406069915
37183,3,35,477,48.30329316303076
37063,1,34,218,21.292822844674543
37081,1,34,289,29.146798246020136
37081,1,83,469,11.164895147145401
37081,1,76,248,16.342371483651903
37063,1,38,775,51.98099823900397
37063,1,128,751,47.90232313104103
37063,1,49,587,40.60914577855608
37119,1,151,473,58.743603555570374
37063,1,90,792,39.99599106878272
37063,1,152,259,33.01807999781664
37063,1,192,450,25.42224477834576
37119,3,111,387,61.42691034417035
37063,1,91,387,9.96292769146121
37081,1,174,325,60.8532423236485
37063,1,32,622,54.6028795958611
37081,3,189,621,12.795795472142078
37081,1,42,372,38.89906146051521
37081,3,149,501,56.992878904945215
37119,1,154,282,39.30854981642922
37119,1,118,764,59.431989293637336
37119,1,102,587,61.57902900896255
37063,1,97,223,30.343071331058354
37081,1,171,725,27.638819684379417
37119,1,130,513,61.17926923814941
37119,1,127,271,45.50840366898009
37063,3,40,387,11.961360880890158
37119,1,134,534,7.537504953360871
37063,3,96,785,38.87774305983579
37183,1,152,212,60.810257926305475
37119,1,58,221,55.6549221443491
37183,1,166,643,45.550864787860185
37063,3,182,321,13.346950933465251
37081,3,105,730,20.253883024921734
37119,3,199,138,57.53067359315697
37063,1,38,596,15.968434199414027
37081,1,69,332,21.706364495026072
37081,1,54,629,12.776039071726517
37183,1,34,248,45.56649388486467
37063,1,168,496,61.63893832179257
37081,1,153,760,21.138081895723158
37119,1,67,737,33.52439647100442
37119,1,101,401,43.060384382672254
37183,1,162,459,64.96797489293785
37081,3,119,337,11.288483899854327
37063,1,175,746,34.91424797034255
37119,1,66,762,28.107207194150003
37081,1,89,335,56.949209913341306
37081,1,57,302,33.558063860699356
37183,1,110,355,11.658651475108886
37119,1,143,697,43.06544871719502
37119,3,69,761,51.24683709583279
37063,1,74,334,5.172875099936876
37119,1,91,444,56.53740112523777
37063,1,122,633,16.16138000033994
37119,3,144,565,38.124161879202674
37183,3,96,640,29.94785004124701
37119,3,85,312,48.17922899663182
37063,3,69,562,27.26969688714451
37063,3,127,535,57.18579060090265
37183,3,69,382,48.82978165752741
37119,1,120,661,43.86279026377529
37119,1,62,706,52.774435733771256
37183,3,35,562,50.24138209570294
37119,1,176,506,7.1563204952932
37119,1,109,187,28.68406123068969
37063,1,197,143,60.84843783898939
37119,3,121,560,12.543456139533573
37119,1,126,377,49.225793025923075
37183,1,88,782,63.47550868011978
37183,1,88,520,8.131917742698299
37081,1,77,452,45.93163283759663
37063,1,198,795,33.089248478061826
37119,1,42,614,39.75051532248333
37119,1,136,729,10.12048018905949
37081,1,74,118,7.580417112016368
37119,3,118,122,45.011999633055304
37063,1,199,512,54.39856578924307
37081,1,129,129,51.92092009597803
37063,1,184,207,37.62834367197424
37081,1,195,466,10.99200926817069
37081,1,36,380,46.28266663016083
37183,1,162,227,19.513333013248758
37063,1,74,328,59.664122166043015
37119,1,87,210,55.295921572742294
37119,3,60,235,47.56297802524345
37063,1,52,461,61.930757349867825
37119,1,199,285,6.885309290676376
37119,1,167,755,49.17202550364572
37063,1,189,683,24.81456676018432
37081,1,136,228,59.363953141181916
37063,1,187,360,21.000511799718655
37081,1,68,614,48.491389958901024
37119,1,188,548,57.65882117904688
37119,1,111,203,7.4994091029609455
37119,1,129,582,28.85885477552217
37183,1,31,323,50.73854192131632
37081,1,106,590,32.295133370455225
37183,1,41,572,21.03515778761572
37183,1,68,109,18.188320929391402
37063,1,42,504,12.891096014982676
37183,3,75,401,56.42777359137693
37063,1,184,330,39.52132419509336
37063,1,142,165,9.58309669948736
37183,1,46,211,27.954819414238127
37081,3,133,112,27.064019048306594
37081,1,127,492,15.90435144256778
37081,1,117,599,31.13045752833144
37081,1,138,697,24.925961923588186
37081,3,192,333,25.508222329530952
37183,1,99,701,49.34159346727752
37183,3,187,413,18.39580313031178
37119,1,103,665,43.51159753132132
37081,1,92,111,39.23897743285609
37183,1,185,308,39.08555074027204
37119,3,89,113,44.78044076850656
37081,1,108,732,37.902922171739235
37063,1,66,517,57.755306890783075
37119,1,51,536,45.53480551701559
37183,3,177,476,37.81779508228329
37063,1,125,119,54.785787217258694
37063,1,97,686,41.36879389600878
37063,1,46,169,22.46865486711074
37119,3,41,310,17.425695090594274
37183,1,179,200,14.139667139760729
37063,1,174,797,58.9673127527661
37081,3,167,231,47.60812590788395
37063,1,147,722,61.24270628985924
37063,1,51,480,41.19750834289658
37119,1,149,231,33.40405288969475
37119,1,79,119,8.582989338253359
37183,1,43,635,45.29853689276179
37081,3,58,326,39.93252558609387
37119,1,193,253,64.41253361525729
37063,1,154,568,19.349526666934583
37183,1,36,504,36.84424131721015
37063,1,58,301,44.05744010708436
37063,1,168,137,43.67547048454062
37119,1,62,287,38.67761257690417
37183,1,163,156,51.61568061963353
37081,1,140,119,17.298872571608985
37081,3,108,372,48.537632016464954
37119,1,189,218,42.18407428598535
37119,1,87,682,58.7645067076744
37183,1,55,615,55.831666342014906
37081,1,58,320,23.908822347953198
37081,1,33,625,21.574239498509186
37081,1,128,614,63.89919943114687
37063,1,170,435,36.635910854915394
37081,3,68,797,59.38525783486621
37063,1,44,154,14.83286142682893
37183,1,148,599,43.56913488801046
37063,1,58,635,53.59161124163517
37183,3,186,261,61.84371497518681
37081,1,104,769,25.24040846102141
37081,1,145,693,48.498870195443146
37183,1,61,258,37.328780542377146
37119,1,159,287,8.637735563988091
37183,1,113,159,46.399984238536604
37119,1,51,418,46.405793494270604
37063,1,56,310,60.83640829079222
37063,1,110,505,34.83874677013834
37063,3,155,763,18.81505524263088
37081,1,121,208,7.673829406920749
37063,1,50,175,29.93853120115434
37119,1,76,641,23.11500200465011
37063,3,130,413,50.665298361432534
37183,1,113,216,26.256065890462796
37183,3,35,118,61.94427177889064
37081,1,176,531,62.73861217926706
37183,1,160,784,42.254515413062485
37119,1,30,449,60.71961722089297
37063,1,87,282,50.65126067086974
37081,1,153,212,37.81157845850757
37063,1,195,282,15.818476125366686
37063,3,44,580,32.5158766108304
37119,1,191,245,38.652467801757055
37183,1,192,727,56.83769484410061
37183,1,93,212,33.880002592139896
37063,1,54,575,58.8604803606774
37081,3,53,402,45.460938741408135
37183,3,41,217,13.219943783220282
37081,1,47,260,64.69888215950557
37183,3,44,500,36.633959645234754
37081,1,56,297,28.511497784544733
37119,1,101,359,44.54682586817159
37081,1,89,759,11.533598838862344
37119,1,174,146,43.19231880520126
37119,1,122,498,34.89416002995638
37081,3,82,658,29.400444199914986
37119,1,37,177,62.18120127073395
37063,3,108,223,36.352383003923194
37119,1,56,174,18.147048768196306
37183,1,79,236,32.537808762637916
37081,3,160,701,60.16324427436036
37063,1,122,499,15.56572827983568
37081,1,53,604,17.837422321294213
37183,1,89,599,5.781774065425025
37183,1,151,672,5.851402963746031
37183,1,160,237,54.76349761751075
37119,1,177,149,48.927356410577346
37119,1,75,718,26.302463387117495
37081,1,44,724,46.89866943365436
37081,1,182,353,28.712355578598213
37063,1,46,729,62.17380775986965
37063,1,155,662,63.02316088556209
37081,1,113,525,28.567626548560604
37119,3,38,646,56.25331438045208
37183,3,195,401,51.38534250184797
37081,1,92,680,23.599996230307358
37063,1,146,448,18.922389734066357
37119,1,159,148,32.49407902357003
37081,1,117,173,51.880930436864375
37081,1,101,360,62.61006708372472
37119,1,168,455,50.81474413199435
37081,3,93,681,56.3124191011022
37119,1,101,701,41.18385837023099
37183,1,50,359,55.124469850527554
37119,1,47,737,52.065251480205056
37119,1,93,394,27.619132515576805
37119,1,111,740,38.119418127243264
37081,1,139,412,53.28518731938169
37081,3,124,711,7.763404051397382
37119,1,195,281,53.484756941349794
37081,3,61,785,15.673287442941406
37063,3,40,463,35.88101702728634
37063,1,74,287,53.496526373356254
37081,1,62,668,20.229264689401692
37081,1,131,642,19.74844635836918
37119,3,198,695,29.165863907735112
37183,3,165,763,58.67856785465807
37081,1,40,647,5.026566886232473
37063,3,117,507,59.0829857985161
37119,1,70,717,14.228421478496466
37081,1,174,513,64.40518256404893
37063,1,105,441,62.29081958230809
37063,1,150,319,34.680511375476996
37183,1,75,262,35.763214868757686
37119,3,189,319,33.892960416551254
37119,1,109,369,43.126618739571356
37183,1,83,731,10.443302134095862
37183,1,115,499,6.95707690049399
37119,1,121,281,8.462175704953932
37119,1,177,717,31.661920954490864
37081,1,190,304,21.532876353169005
37081,1,197,681,42.32237374225963
37183,3,189,655,64.54653736248673
37081,1,126,327,28.179390384587954
37063,1,31,795,39.4304752462708
37081,1,62,718,29.936233754440128
37081,3,187,695,55.83630006331156
37063,1,190,349,59.134184207734286
37183,1,106,540,57.6413367323156
37063,1,145,632,63.46233432075545
37081,1,183,295,6.6511511084249175
37183,3,179,789,55.38896972873186
37081,1,132,618,50.1063303823456
37063,3,195,169,18.721664564021886
37063,1,132,738,62.379205603251656
37081,3,119,498,13.890675693796728
37119,1,151,771,45.7729956280345
37119,3,172,302,18.49341300895475
37063,1,135,247,30.88283892644448
37063,1,148,571,48.149593816674134
37119,1,78,754,38.7994785219828
37119,1,133,298,30.650109879686703
37081,3,90,525,24.580305855919235
37081,1,152,765,55.37957934252742
37119,1,163,591,13.628861018888824
37081,1,38,241,30.806172591788005
37081,1,35,412,59.22545430650853
37183,1,102,264,55.750973027598064
37081,3,132,413,29.0565057483828
37063,1,189,120,50.7865018160785
37081,1,70,181,54.389649842531554
37081,1,143,680,58.33324544021779
37119,1,37,230,37.670346142953676
37063,1,101,698,17.26765316328271
37081,1,121,404,20.3185445902359
37081,3,91,470,22.741680442496254
37183,1,113,483,40.62814884857693
37081,1,91,544,6.968577447716506
37081,1,140,524,43.1625481267981
37183,1,156,260,26.86125430569392
37119,3,36,277,22.71450814937853
37081,1,113,728,57.769794243687585
37183,1,161,589,32.60014373484793
37063,3,163,426,10.703182731961567
37119,1,87,697,54.60480608157482
37063,3,51,388,7.858475446190396
37063,1,183,692,48.6049534500918
37183,1,156,763,51.434373306239905
37081,1,32,672,26.15615635573149
37183,1,156,672,54.4872713766672
37183,1,70,453,35.939564351387205
37183,1,135,127,32.79761919636781
37183,1,43,142,7.724196888121552
37119,1,41,780,22.401751618934355
37081,3,116,522,60.860598253117985
37063,1,41,697,28.50943779701
37063,1,170,276,37.8020312334061
37081,1,54,628,36.921300739055106
37063,1,74,709,40.4258653893616
37081,1,151,593,8.679857338596957
37063,1,176,297,26.730575287923696
37183,1,84,709,48.38769643295325
37063,1,129,676,17.033615064378974
37081,3,165,616,17.214702652781625
37081,3,148,613,5.605436401341484
37081,1,82,121,31.248915596492584
37081,1,61,211,57.96406284040532
37081,1,80,156,8.11405661523854
37119,3,73,165,16.467122569760157
37119,1,111,197,23.605072300565304
37063,1,175,243,48.903484193852776
37081,1,179,534,43.43813556815519
37063,3,66,736,29.956634274911302
37081,1,125,778,50.544136355502545
37081,1,85,185,41.57786069941412
37119,1,134,687,58.76244797943314
37119,3,88,443,54.08160494832158
37183,3,160,393,20.168816365352033
37119,1,185,670,21.286314658052014
37183,3,64,749,12.521388547543138
37183,3,122,710,25.21788354304739
37183,1,126,342,64.97263512314566
37183,3,164,660,29.34507011690366
37183,1,105,131,18.229306081346383
37063,1,78,490,50.74897306853318
37119,1,123,376,37.54826020775936
37183,1,188,631,13.976086971617152
37081,3,53,253,27.841380869651946
37119,1,177,482,29.868182932360597
37119,1,66,167,50.22978203415312
37183,1,33,313,6.240282133514268
37063,1,137,754,21.14117880789863
37183,1,155,475,36.055778078931326
37063,1,49,312,21.1308045471706
37081,1,181,178,42.70604284513993
37119,1,79,727,33.912048756477
37081,1,125,703,26.702615291574837
37063,1,134,480,61.952517612230736
37063,3,193,779,42.929569951187446
37081,1,146,157,12.796482336076473
37063,1,127,125,38.60550184660373
37081,1,95,546,51.84391119205406
37119,1,108,165,47.50938184956784
37081,1,191,353,15.325353757715563
37119,3,193,143,63.345199942406204
37081,3,35,196,31.92881874479636
37063,1,68,653,14.541500224415678
37081,3,199,326,15.811745247688876
37063,1,144,778,10.89409953134483
37081,3,154,535,53.21108650609606
37081,1,41,700,12.321829659310918
37183,1,160,478,12.507515428504817
37063,1,47,277,56.028296885650256
37183,1,69,526,25.67624506685358
37063,1,50,406,6.851474258484346
37183,1,172,603,8.113717971104652
37119,1,128,367,13.530226802233734
37081,1,55,685,17.803600878541374
37063,1,37,107,44.908771654304324
37063,1,129,607,14.439576800109695
37081,1,116,575,12.13246347062432
37063,1,71,396,50.88314848857675
37063,1,43,263,45.263317031594866
37183,1,107,584,31.119453287314172
37063,1,31,696,37.95858628880624
37119,1,148,171,23.719041219585108
37119,3,66,666,33.95002521412164
37081,3,98,658,35.40035893896474
37063,1,195,337,28.234236270685756
37081,1,70,203,59.394332640329765
37119,1,91,309,5.963711898860369
37063,1,89,653,51.93027578547477
37063,1,154,567,12.462969874479459
37081,1,140,553,52.852841632231964
37119,1,43,367,41.954714940603274
37063,1,113,485,55.59668545618414
37081,3,159,486,10.850859538453847
37119,1,99,358,38.538838045986445
37081,3,174,382,35.065272815731824
37183,3,152,725,47.37159097780152
37063,1,118,139,37.05743311362055
37183,1,57,585,37.444074027986254
37119,1,95,319,30.775756614563882
37183,1,192,228,23.530065440440453
37183,3,34,619,33.935861675131534
37119,1,197,712,12.109541526104035
37081,1,193,787,62.690800338985085
37183,1,74,718,47.8646458175959
37081,3,180,712,62.148027001270805
37183,1,76,359,18.603642939797794
37081,1,60,465,57.760461210591686
37119,1,168,643,53.527399073812305
37183,1,39,748,45.62914474746042
37119,1,147,623,42.501751165112346
37183,1,43,115,23.992979916072198
37119,1,109,228,53.98464709790184
37119,1,122,674,35.09092768878403
37183,1,39,208,9.253494553477122
37183,1,105,632,23.7717896513078
37183,3,123,769,61.11782591271966
37063,1,134,368,56.04081563629077
37081,1,30,261,63.914341884592346
37063,1,162,359,42.67960295624589
37063,1,49,201,19.850604388424717
37119,1,37,605,14.768902980611827
37183,1,30,670,16.214866436507698
37081,1,86,346,6.187739500835264
37119,1,93,739,28.44092665915635
37063,1,147,636,16.485660829972552
37183,1,57,230,29.699327627402145
37119,1,150,452,61.099665910325925
37183,1,136,295,30.832412570431398
37119,3,194,765,57.67906981909009
37183,1,194,481,41.33028599695259
37063,3,78,744,19.827893279683515
37081,3,149,326,26.351285555552685
37063,3,73,575,10.035172149285765
37081,1,85,576,25.00775561576063
37183,1,185,364,45.652456730212045
37119,3,140,471,9.32666557576611
37063,1,163,585,17.32408450868176
37081,1,137,533,27.886462484798688
37063,1,177,745,63.92297222095775
37081,3,143,310,52.09170937753281
37063,3,107,671,49.00920478952623
37081,1,159,476,11.971457391526759
37081,1,66,494,51.85975361689949
37183,1,49,549,52.116128690960906
37081,1,55,463,41.066161737459694
37183,1,58,556,64.4217069199023
37081,1,30,325,24.515234355473115
37119,3,148,230,61.476346894511096
37119,3,64,687,59.88386689739022
37119,1,88,575,5.68883958496267
37081,1,98,376,32.00699158848866
37183,1,190,255,63.6262539830944
37183,1,41,317,11.187281744484547
37081,3,49,289,37.86708166299917
37119,1,72,516,63.737450422466246
37119,1,155,774,38.32972544635161
37183,1,79,791,16.38891817832936
37119,3,58,645,39.93099380555539
37063,1,68,140,17.266434436972812
37183,1,180,406,36.182255773669056
37119,3,67,437,9.44253307474088
37183,1,113,413,41.328960152864276
37063,1,180,174,36.00739634768949
37183,1,157,378,49.40968212568779
37183,1,155,275,42.8420282695271
37183,1,74,761,37.9763761118454
37183,3,81,372,46.38673095488727
37063,1,109,719,13.63651481433385
37081,1,153,750,40.721579675516246
37183,3,148,388,15.326636169366662
37183,1,37,371,60.531332471112854
37119,1,114,165,9.100046290736252
37183,1,158,582,30.822484981447595
37119,1,37,347,46.74784865932669
37081,1,186,255,32.48133270009552
37063,3,125,146,10.525715193974142
37063,3,131,553,38.202740967602445
37081,1,34,300,43.49791452964127
37063,3,115,759,47.22753865943046
37081,3,63,223,27.395588867765536
37081,3,84,100,38.81959826172573
37081,3,148,739,32.04118849633479
37063,3,187,290,45.32336232513521
37119,1,143,678,40.01341803948911
37081,3,174,615,36.54537317354809
37183,1,55,541,19.971462010294918
37063,3,165,242,5.121111064894035
37081,1,76,290,15.444900518685756
37081,1,142,632,12.02396248545012
37183,1,105,326,31.945084700656807
37119,3,101,412,41.73548904571068
37119,1,118,728,17.78510052108849
37119,1,75,401,61.34342575803123
37081,1,62,753,5.400927753433267
37081,1,30,559,51.33806090992057
37081,1,176,500,42.51228617182653
37063,1,60,650,27.413288062860914
37183,1,171,492,8.029336664744475
37081,3,82,306,42.64919430705676
37183,1,77,309,28.136810771938883
37183,1,98,214,61.17602836479315
37119,1,134,745,37.519404493385956
37063,1,119,350,61.37909067761049
37081,1,92,318,18.229021608398245
37119,1,102,506,48.5435546218462
37119,1,190,542,42.03494125092354
37081,1,198,702,49.36449378987871
37183,1,118,453,17.880071838352208
37119,1,42,657,44.89967097426642
37183,3,102,649,34.88242358341214
37063,1,106,241,49.569498494378976
37183,1,188,711,24.622678649109066
37063,1,97,600,58.40342152791516
37183,1,127,646,10.058078876681023
37119,1,154,758,53.43135912747128
37119,1,131,641,56.67917754890545
37063,1,161,606,54.03513868200927
37081,1,131,695,35.76358365570656
37063,3,48,380,31.303098801845678
37063,1,111,523,64.77573719149261
37183,1,170,369,18.750317072849725
37183,1,52,253,37.81255795256268
37063,1,112,713,45.240531522939534
37119,1,138,761,47.05205815168592
37183,1,104,182,17.241479944314722
37081,1,158,721,44.239645540388075
37183,3,117,525,54.10217398888024
37183,1,83,374,8.001114609266732
37081,1,118,383,59.69127759951899
37063,1,172,272,6.770243308712356
37081,1,94,426,26.35826194930366
37063,1,105,162,5.9487917739777245
37063,1,172,172,9.628710112374911
37063,3,178,735,59.67009711080475
37081,1,176,474,26.29164984476887
37063,1,89,732,30.486291825503173
37119,1,122,607,17.92066288295316
37081,1,190,497,40.82574621120319
37119,1,78,219,40.68819288066738
37063,1,64,536,27.332023509513157
37183,1,131,775,24.982092308323903
37063,1,40,564,58.097858490835264
37119,1,128,385,27.997054378532084
37119,1,139,364,34.6100595292645
37081,1,103,419,21.99828574549584
37183,3,38,772,52.20617020142764
37081,1,32,475,28.846889413945497
37119,1,114,188,35.81666279265947
37063,3,55,753,20.201430203579683
37183,1,101,302,64.25957554047511
37063,1,77,433,22.489744455423374
37063,1,185,321,51.2445518543331
37183,3,146,140,30.64973902140555
37081,1,183,167,17.373044305048392
37063,1,182,613,52.98312583789167
37119,3,41,736,25.01640734174259
37063,1,162,721,56.91160084386866
37183,1,77,697,59.91543109506938
37183,3,66,731,56.58943012347655
37183,1,73,226,7.100474888408339
37081,1,44,354,52.242400700306334
37063,1,72,794,29.680367989948632
37081,1,116,115,57.42337521093351
37081,1,99,576,43.27725576108433
37183,1,75,161,55.018588048637504
37183,1,137,531,34.965906192010124
37081,3,152,769,37.10153027593597
37063,1,50,367,13.663257928020034
37119,1,180,134,52.039241521361326
37081,1,136,675,30.163376700018297
37063,1,109,593,35.004807096294954
37183,1,76,661,52.10586284574246
37183,3,146,568,40.93072400476634
37063,1,153,760,17.065923646560044
37119,1,172,424,40.413959549053565
37183,3,54,403,29.457971478779346
37183,1,65,375,33.17153252263176
37183,1,80,783,6.698676464160068
37063,3,44,300,17.601760970976898
37081,1,97,544,21.862284882861694
37183,1,50,423,47.777600471528345
37081,3,170,134,5.689548397886918
37119,1,48,581,29.526635673747922
37183,1,63,579,60.44161222554397
37183,1,107,164,11.71283699294743
37119,3,154,107,35.98546329311666
37183,1,146,400,52.19134294345082
37081,1,81,442,61.551878451207
37063,1,56,530,49.80659837202308
37081,1,186,523,48.233932918664365
37063,1,185,431,54.58928541174574
37063,3,64,537,31.772073258652618
37081,1,165,687,53.350671957069984
37081,1,173,273,5.477864284727067
37081,3,135,658,60.473663322608296
37081,1,193,626,31.59839057103052
37119,1,187,758,38.20281127194485
37183,1,175,125,20.29293493489294
37063,1,31,704,49.55184997042529
37081,1,106,505,9.598148388514929
37081,1,161,331,57.35814815281012
37081,3,119,632,54.68700974038057
37119,3,118,649,17.963606974685984
37081,1,123,604,53.55946389711574
37081,1,36,768,52.181463983688886
37081,1,124,278,42.93299586523694
37183,1,137,231,27.41121061398125
37119,1,103,554,21.28992525091207
37081,1,68,447,18.907015417361002
37063,1,170,639,24.11653776581643
37063,1,188,505,59.21350660595182
37063,1,100,175,9.658446559326876
37119,3,85,678,54.73227657517752
37119,1,199,591,25.933404502509415
37063,1,71,293,36.29596376068149
37081,1,65,261,52.66913801890944
37119,1,113,446,58.06259282137828
37063,1,147,460,25.68688520435882
37063,1,36,683,32.71060887650662
37081,3,83,186,29.870963889007534
37183,1,158,361,5.795062010234632
37119,3,149,313,22.756573331519398
37081,1,135,764,32.55135402395371
37063,1,76,672,29.665616532826387
37063,1,152,361,48.31575365094076
37081,1,170,382,28.088217033266194
37119,3,148,747,34.36258693824021
37183,1,179,566,30.7765155279418
37183,1,147,479,49.43756893366223
37063,1,50,461,56.778343939217756
37119,1,166,548,36.913344740450846
37183,1,55,540,52.36593165171147
37119,3,38,192,22.807200921191036
37119,1,44,720,37.482176609436124
37063,1,39,523,25.713797220198348
37183,1,151,241,29.85205553430982
37081,3,150,390,48.94483188876011
37063,3,154,531,57.89974893996276
37183,1,199,788,12.289723465265926
37183,1,101,752,43.07835538924283
37183,1,181,148,39.92862845466791
37183,3,78,401,12.104902350555912
37183,1,183,289,17.713659826406545
37119,1,120,235,23.660149683960817
37063,1,66,654,15.015864249050088
37119,1,97,503,19.62376895146051
37081,3,79,701,21.05604793170245
37183,1,181,440,25.140429982343576
37063,1,48,417,49.96342716806954
37183,1,129,717,39.31473223103604
37063,1,89,462,64.17480031708409
37119,3,196,481,29.884149618048262
37063,1,118,332,50.2319044302155
37081,1,175,443,57.28810528259203
37081,1,176,648,45.73870958228252
37063,1,193,652,29.71188442504976
37063,1,98,628,50.21567784474518
37063,1,78,670,17.22002826636109
37063,1,137,282,24.653129910807944
37081,3,190,140,37.801115305957325
37183,1,148,650,39.5245632371689
37063,3,178,496,6.328488528357767
37063,1,179,593,61.706851325360525
37081,1,66,758,46.7976362730434
37081,3,172,432,34.74222501391346
37119,3,192,226,60.9876340644985
37063,1,189,657,31.34573391504971
37119,3,40,656,63.82613421622231
37081,3,167,100,35.73708543460911
37081,1,107,267,11.857146199878768
37183,1,106,719,50.88805834755664
37063,3,182,118,45.73386350467043
37119,3,31,431,51.379203278335204
37081,3,93,683,62.08652172354086
37081,1,64,555,51.589358159061085
37119,1,36,208,41.680196132998816
37183,1,114,367,56.43853414165045
37081,1,175,544,45.39478636127189
37063,1,96,339,29.487143409555387
37081,1,71,400,58.13718585450639
37063,3,147,701,18.31402764706237
37119,1,154,202,47.878476494523454
37063,1,196,349,57.89380729644542
37119,1,198,552,48.87899118219777
37063,1,53,619,46.83652514323141
37119,1,75,252,50.15829764431016
37063,1,48,273,32.903314898038666
37183,1,97,442,57.45024092942156
37063,1,131,769,17.20618850816547
37063,3,71,530,12.643184960020356
37183,1,61,788,22.130526807110694
37081,1,196,786,36.89464380649959
37081,3,138,757,35.63370772456029
37063,1,65,423,54.2359254605952
37183,3,126,772,29.274119384241043
37063,1,193,738,34.06066557749052
37119,1,160,519,5.802060995563738
37119,1,102,693,29.584354186576345
37063,1,165,584,43.86645397702053
37081,1,126,758,5.930499837595531
37081,3,152,511,21.852917911174625
37063,1,99,183,17.477381557363397
37063,1,198,212,7.519125734575294
37119,1,42,431,33.75560539487225
37081,1,78,477,15.903397593689391
37063,1,89,754,49.58489237788281
37119,1,159,140,55.87567302580091
37081,1,34,204,37.735110960148866
37183,3,56,301,63.90244055126849
37119,3,189,549,32.02871428823572
37081,1,178,365,35.802092613494935
37081,1,37,309,64.353065237465
37119,1,79,662,18.892906157902928
37183,3,96,217,61.55275638061431
37119,1,73,476,7.570253307146794
37081,1,154,650,31.783213415791685
37063,1,87,639,9.200210727983947
37063,1,32,183,48.75408457481858
37119,3,115,553,41.504536152801066
37081,1,99,766,47.39805580805579
37063,3,159,728,27.468823998081017
37081,1,31,613,27.168916041882817
37119,1,131,704,7.719156737653677
37063,3,64,777,25.996696371778388
37081,3,127,486,60.757304135723565
37063,1,59,449,27.75359223082694
37119,1,145,395,54.8820623733182
37081,1,37,357,55.53953028499605
37063,3,179,180,27.39446938275403
37119,1,73,367,42.91932082377134
37063,1,65,518,10.722296136383518
37063,1,106,334,11.22071484405659
37183,3,60,410,7.919459819702799
37183,3,76,456,39.86090560250657
37119,1,84,312,30.564258657565823
37183,1,135,673,37.881941399854405
37119,1,187,148,36.264391430503274
37183,1,150,226,26.012179465443815
37063,1,84,322,45.648404889408376
37119,1,173,378,50.51011285498344
37119,3,41,507,5.8776955326605425
37063,1,174,604,17.4345379861327
37119,1,173,393,47.794152085000206
37119,1,169,376,28.197210358030052
37183,1,165,537,44.74903681649649
37119,1,32,206,25.817759584073507
37081,1,173,757,28.445309139778225
37063,1,59,519,14.520732421381094
37183,1,52,710,20.493861179969603
37183,1,121,528,41.324705450455234
37081,3,144,474,30.989786678909983
37063,1,133,172,51.45816097667571
37063,1,147,733,56.15509729630057
37183,1,34,129,37.498785093005594
37119,1,133,287,50.49603752336355
37183,1,137,463,23.414270791674202
37063,1,94,550,29.898272924004694
37081,1,150,294,47.76666057300986
37183,1,59,255,28.17271956902184
37063,1,178,271,40.31029610953933
37183,1,113,140,16.12236674495069
37119,3,179,162,40.98627889822988
37183,1,61,122,56.69082243361361
37183,1,190,459,57.118378389405535
37063,3,45,174,48.46066437977238
37063,1,67,659,49.745202744567564
37063,1,171,771,38.47564670904204
37183,1,65,217,40.08008540994949
37119,1,180,711,13.019034884631079
37081,1,143,479,31.631551305278066
37081,1,95,778,32.046577033181826
37063,1,134,389,62.50987014006441
37063,1,114,539,30.865211757397365
37183,3,31,767,37.96055869416546
37081,1,104,106,36.99508395674615
37063,1,96,295,43.20570302265963
37119,1,180,520,49.893969879913755
37119,1,183,667,18.50251257025233
37063,1,84,292,36.72346514590614
37063,1,35,658,54.555062438961826
37081,1,192,247,32.78688283025069
37081,1,179,768,21.70745278241438
37183,1,172,301,44.28254452137794
37081,1,115,543,54.426043747947375
37119,3,89,518,8.788417575643479
37119,1,130,526,51.60742900443363
37063,3,41,578,54.298875977706274
37081,1,78,574,32.691375655316406
37183,1,71,225,63.99833940910804
37119,1,195,494,52.20250044243855
37119,1,111,675,51.419753893739944
37183,1,64,424,49.87031446472431
37183,1,187,491,14.03648619309644
37119,1,187,787,18.033853187180647
37119,1,163,727,32.839407887865505
37183,1,96,539,20.840260997567952
37119,3,109,303,29.914458340042426
37063,1,36,585,58.30784659537524
37063,1,43,130,54.45961351275615
37183,1,102,487,42.80239270879893
37081,3,172,724,56.48722365506621
37183,1,178,533,52.02634334103495
37183,3,192,475,30.73909591045343
37081,1,95,443,17.06390912299671
37081,1,120,542,35.85206240056035
37081,1,159,678,49.173732951713006
37063,1,192,174,31.18517592377558
37119,1,49,656,45.006314587033835
37063,3,39,765,10.659645577462618
37119,1,54,254,49.88028418228421
37063,1,54,529,53.76281719358372
37119,1,83,462,47.41027134683247
37063,1,62,547,63.03581525158193
37081,1,193,333,54.599123447638426
37183,3,124,662,59.1856236725923
37063,1,43,361,61.01426500745888
37119,3,94,224,53.08087951242852
37081,3,139,344,45.45553052038995
37063,1,109,641,5.343114881647358
37063,1,83,584,32.94954519338748
37081,1,154,221,39.26973791734166
37063,3,160,224,23.24181634687998
37183,1,198,648,24.086266814208322
37063,1,163,269,62.66956494260991
37183,1,54,223,58.50265191216475
37183,1,170,134,55.950740330102256
37081,1,146,186,29.360708102366637
37063,3,165,745,5.821913024534872
37081,1,178,300,9.813334787342844
37063,1,54,468,23.731782093056218
37063,1,108,176,5.944574779740619
37119,3,97,158,6.028986914911886
37063,1,41,530,59.99619809854466
37081,1,61,737,47.36951012714324
37183,3,157,599,23.53735940408916
37063,1,125,208,12.95867465605719
37119,3,121,377,35.69814307370463
37081,1,170,167,5.320769651261868
37063,1,60,168,61.30482463148864
37081,3,107,264,29.88890716333683
37119,1,49,588,29.140097314239966
37119,1,175,404,28.43561645490693
37081,1,89,773,9.159699823265885
37063,1,163,464,43.299334387509596
37183,1,189,478,48.9802171777012
37119,1,122,442,45.567523855297416
37063,1,72,653,13.306129599763658
37063,1,159,453,39.730410082135556
37183,1,89,515,39.16906905033523
37119,1,180,208,57.10464727648292
37119,1,60,662,27.74765950253882
37063,1,34,596,27.289156619566054
37063,1,191,440,42.11162352309113
37183,3,39,482,42.98435920997078
37183,1,118,632,33.15711363954742
37119,1,159,399,31.583561739825264
37081,1,155,238,34.64886023827296
37119,1,40,458,56.66271797019871
37063,1,188,598,32.670014075234604
37119,3,85,484,61.39590751818935
37081,1,112,703,35.24022581577956
37183,1,166,379,61.95204159085348
37081,1,128,736,54.969914112144544
37081,1,178,582,26.745879356949747
37081,1,102,210,56.81848527779696
37183,1,185,238,11.603797052066913
37081,1,144,534,60.50283052058087
37081,3,36,608,42.898610904973495
37081,3,109,372,8.26344491133867
37063,1,173,198,43.655403419048696
37081,1,126,203,63.454859248685366
37183,1,33,313,9.188039276877735
37081,1,33,763,38.28126258680518
37081,3,132,264,49.867660985562345
37183,1,69,619,53.61551520197188
37081,1,46,383,29.82964791924775
37183,3,130,616,17.24999355009458
37081,1,132,756,7.54053672634303
37183,1,153,712,39.783569425833484
37081,1,81,263,32.17466421605665
37081,1,81,758,61.924663708982656
37063,1,193,163,8.636294462894586
37063,1,153,190,46.123720606760344
37081,1,195,216,6.497973327203431
37081,1,92,366,15.286050602632564
37119,1,145,784,32.214739995370046
